Workbook

Sheet Sales_Data
A1: Employee ID | B1: Employee Name | C1: Region | D1: Product ID | E1: Units Sold | F1: Sales Amount | G1: Price Per Unit | H1: Product Name | I1: Total Sales Value | J1: Regions | K1: Actual Sales By each Region | L1: Target Sales | M1: Comparison | N1: P001 Laptop
A2: E101 | B2: Rahul Mehta | C2: North | D2: P001 | E2: 15 | F2: 45000 | G2: =F2/E2 -> 3000 | H2: =VLOOKUP($D2,Product_Master!$A$1:$D$6,2,FALSE) -> Laptop | I2: =E2*G2 -> 45000 | J2: North | K2: =SUMIF(C$2:C$11,$J2,F$2:F$11) -> 163000 | L2: =HLOOKUP(J2,'Monthly Target'!A$1:E$2,2,FALSE) -> 150000 | M2: =IF(K2>L2,"Target Achieved","Below Target") -> Target Achieved | N2: 121.33333
A3: E102 | B3: Priya Sharma | C3: South | D3: P002 | E3: 20 | F3: 60000 | G3: =F3/E3 -> 3000 | H3: =VLOOKUP($D3,Product_Master!$A$1:$D$6,2,FALSE) -> Smartphone | I3: =E3*G3 -> 60000 | J3: South | K3: =SUMIF(C$2:C$11,$J3,F$2:F$11) -> 137000 | L3: =HLOOKUP(J3,'Monthly Target'!A$1:E$2,2,FALSE) -> 140000 | M3: =IF(K3>L3,"Target Achieved","Below Target") -> Below Target
A4: E103 | B4: Aman Verma | C4: East | D4: P003 | E4: 10 | F4: 35000 | G4: =F4/E4 -> 3500 | H4: =VLOOKUP($D4,Product_Master!$A$1:$D$6,2,FALSE) -> Headphones | I4: =E4*G4 -> 35000 | J4: East | K4: =SUMIF(C$2:C$11,$J4,F$2:F$11) -> 121000 | L4: =HLOOKUP(J4,'Monthly Target'!A$1:E$2,2,FALSE) -> 120000 | M4: =IF(K4>L4,"Target Achieved","Below Target") -> Target Achieved
A5: E104 | B5: Sneha Patel | C5: West | D5: P004 | E5: 25 | F5: 125000 | G5: =F5/E5 -> 5000 | H5: =VLOOKUP($D5,Product_Master!$A$1:$D$6,2,FALSE) -> Printer | I5: =E5*G5 -> 125000 | J5: West | K5: =SUMIF(C$2:C$11,$J5,F$2:F$11) -> 215000 | L5: =HLOOKUP(J5,'Monthly Target'!A$1:E$2,2,FALSE) -> 160000 | M5: =IF(K5>L5,"Target Achieved","Below Target") -> Target Achieved
A6: E105 | B6: Rohan Gupta | C6: North | D6: P005 | E6: 12 | F6: 48000 | G6: =F6/E6 -> 4000 | H6: =VLOOKUP($D6,Product_Master!$A$1:$D$6,2,FALSE) -> Monitor | I6: =E6*G6 -> 48000
A7: E106 | B7: Meena Iyer | C7: East | D7: P002 | E7: 18 | F7: 54000 | G7: =F7/E7 -> 3000 | H7: =VLOOKUP($D7,Product_Master!$A$1:$D$6,2,FALSE) -> Smartphone | I7: =E7*G7 -> 54000 | K7: Total P001 Units
A8: E107 | B8: Deepak Rao | C8: South | D8: P003 | E8: 22 | F8: 77000 | G8: =F8/E8 -> 3500 | H8: =VLOOKUP($D8,Product_Master!$A$1:$D$6,2,FALSE) -> Headphones | I8: =E8*G8 -> 77000 | K8: P001
A9: E108 | B9: Kavita Das | C9: West | D9: P001 | E9: 30 | F9: 90000 | G9: =F9/E9 -> 3000 | H9: =VLOOKUP($D9,Product_Master!$A$1:$D$6,2,FALSE) -> Laptop | I9: =E9*G9 -> 90000 | K9: =SUMIF(D2:D11,K8,E2:E11) -> 45
A10: E109 | B10: Ajay Nair | C10: North | D10: P004 | E10: 14 | F10: 70000 | G10: =F10/E10 -> 5000 | H10: =VLOOKUP($D10,Product_Master!$A$1:$D$6,2,FALSE) -> Printer | I10: =E10*G10 -> 70000
A11: E110 | B11: Neha Kulkarni | C11: East | D11: P005 | E11: 8 | F11: 32000 | G11: =F11/E11 -> 4000 | H11: =VLOOKUP($D11,Product_Master!$A$1:$D$6,2,FALSE) -> Monitor | I11: =E11*G11 -> 32000 | K11: 10000000
E12: Total Unit Sold | F12: Total_revenue | I12: =SUM(I2:I11) -> 636000
E13: =SUM(E2:E11) -> 174 | F13: =SUM(F3:F12) -> 591000

Sheet Product_Master
A1: Product ID | B1: Product Name | C1: Category | D1: Price per Unit
A2: P001 | B2: Laptop | C2: Electronics | D2: 3000
A3: P002 | B3: Smartphone | C3: Electronics | D3: 3000
A4: P003 | B4: Headphones | C4: Accessories | D4: 3500
A5: P004 | B5: Printer | C5: Office Supplies | D5: 5000
A6: P005 | B6: Monitor | C6: Electronics | D6: 4000

Sheet Monthly Target
A1: Region | B1: North | C1: South | D1: East | E1: West
A2: Target Sales | B2: 150000 | C2: 140000 | D2: 120000 | E2: 160000
